{
    "foreground_intensity_properties_per_channel": {
        "0": {
            "max": 914.0,
            "mean": 207.098876953125,
            "median": 197.0,
            "min": 0.0,
            "percentile_00_5": 58.0,
            "percentile_99_5": 484.0,
            "std": 87.58404541015625
        }
    },
    "median_relative_size_after_cropping": 0.9861057692307692,
    "shapes_after_crop": [
        [
            72,
            258,
            318
        ],
        [
            72,
            258,
            315
        ],
        [
            80,
            259,
            319
        ],
        [
            72,
            258,
            318
        ],
        [
            64,
            259,
            316
        ],
        [
            72,
            258,
            315
        ],
        [
            72,
            258,
            318
        ],
        [
            72,
            258,
            318
        ],
        [
            72,
            258,
            315
        ],
        [
            80,
            255,
            317
        ],
        [
            64,
            260,
            319
        ],
        [
            88,
            258,
            319
        ],
        [
            72,
            258,
            315
        ],
        [
            72,
            258,
            315
        ],
        [
            72,
            219,
            316
        ],
        [
            80,
            258,
            314
        ],
        [
            72,
            257,
            318
        ],
        [
            88,
            258,
            318
        ],
        [
            72,
            258,
            318
        ],
        [
            72,
            258,
            317
        ],
        [
            72,
            258,
            315
        ],
        [
            72,
            258,
            315
        ],
        [
            72,
            258,
            315
        ],
        [
            72,
            258,
            313
        ],
        [
            72,
            258,
            315
        ],
        [
            72,
            258,
            316
        ],
        [
            64,
            259,
            319
        ],
        [
            72,
            258,
            318
        ],
        [
            72,
            258,
            315
        ],
        [
            72,
            258,
            315
        ],
        [
            64,
            258,
            319
        ],
        [
            72,
            258,
            315
        ],
        [
            72,
            259,
            319
        ],
        [
            88,
            258,
            318
        ],
        [
            72,
            256,
            315
        ],
        [
            80,
            258,
            318
        ],
        [
            80,
            258,
            314
        ],
        [
            72,
            258,
            318
        ],
        [
            72,
            258,
            315
        ],
        [
            72,
            259,
            319
        ],
        [
            72,
            258,
            318
        ],
        [
            72,
            258,
            315
        ],
        [
            80,
            258,
            318
        ],
        [
            72,
            256,
            315
        ],
        [
            72,
            258,
            315
        ],
        [
            72,
            258,
            318
        ],
        [
            80,
            258,
            318
        ],
        [
            80,
            258,
            318
        ],
        [
            72,
            258,
            318
        ],
        [
            72,
            258,
            318
        ],
        [
            72,
            258,
            318
        ],
        [
            72,
            466,
            570
        ],
        [
            72,
            258,
            318
        ],
        [
            72,
            258,
            316
        ],
        [
            72,
            258,
            318
        ],
        [
            72,
            258,
            318
        ],
        [
            88,
            258,
            316
        ],
        [
            80,
            278,
            318
        ],
        [
            72,
            256,
            315
        ],
        [
            88,
            257,
            318
        ],
        [
            72,
            258,
            318
        ],
        [
            80,
            258,
            318
        ],
        [
            72,
            258,
            318
        ],
        [
            72,
            258,
            316
        ],
        [
            80,
            258,
            317
        ],
        [
            80,
            258,
            318
        ],
        [
            72,
            258,
            318
        ],
        [
            72,
            258,
            318
        ],
        [
            72,
            258,
            318
        ],
        [
            72,
            258,
            319
        ],
        [
            72,
            258,
            318
        ],
        [
            72,
            258,
            317
        ],
        [
            80,
            258,
            317
        ],
        [
            72,
            258,
            318
        ],
        [
            72,
            258,
            318
        ],
        [
            72,
            258,
            318
        ],
        [
            72,
            258,
            316
        ],
        [
            80,
            258,
            315
        ],
        [
            72,
            258,
            319
        ],
        [
            80,
            258,
            318
        ],
        [
            72,
            258,
            318
        ],
        [
            72,
            258,
            315
        ],
        [
            72,
            258,
            315
        ],
        [
            72,
            258,
            315
        ],
        [
            72,
            255,
            314
        ],
        [
            88,
            258,
            318
        ],
        [
            72,
            258,
            318
        ],
        [
            72,
            258,
            319
        ],
        [
            80,
            238,
            318
        ],
        [
            72,
            258,
            318
        ],
        [
            72,
            258,
            315
        ],
        [
            72,
            258,
            318
        ]
    ],